,anger,disgust,fear,happiness,sadness,surprise,neutral
0,0.047234792,0.0007562595,0.0010131326,0.00011306102,0.034173112,0.00054489484,0.91616476
1,0.043702174,0.0026034063,0.0018505024,0.00011037628,0.04600875,0.00096814334,0.90475667
2,0.08360543,0.010458393,0.0034229462,0.00025632806,0.046636604,0.00075684884,0.8548634
3,0.051913116,0.007942108,0.0030546056,0.00034556765,0.06028623,0.00059562083,0.87586266
4,0.030600552,0.0018221317,0.005198106,0.00010724888,0.076451644,0.0008898732,0.88493043
5,0.032190062,0.0013952621,0.0028983352,7.0556365e-05,0.08895358,0.0046419473,0.8698503
6,0.09290012,0.0030195639,0.0011836945,0.00012772591,0.09636524,0.0009415409,0.80546206
